{"cameraMode":{"drawMode":0,"name":"Shaded","section":"Shading Mode"},"sceneLighting":false,"audioPlay":false,"sceneViewState":{"showFog":true,"showMaterialUpdate":false,"showSkybox":true,"showFlares":true,"showImageEffects":true,"showParticleSystems":true},"in2DMode":false,"pivot":{"x":-0.35784149169921877,"y":-0.521604061126709,"z":0.9719562530517578},"rotation":{"x":-0.1227283924818039,"y":0.6838900446891785,"z":-0.11831656843423844,"w":-0.7093907594680786},"size":8.106083869934082,"orthographic":false}