{"cameraMode":{"drawMode":0,"name":"Shaded","section":"Shading Mode"},"sceneLighting":false,"audioPlay":false,"sceneViewState":{"showFog":true,"showMaterialUpdate":false,"showSkybox":true,"showFlares":true,"showImageEffects":true,"showParticleSystems":true},"in2DMode":false,"pivot":{"x":-2.3693084716796877,"y":-0.2154984474182129,"z":-5.711856842041016},"rotation":{"x":-0.06259600818157196,"y":-0.04160891845822334,"z":-0.0026114757638424637,"w":0.9971760511398315},"size":8.957287788391114,"orthographic":false}